theme,n_paired,kappa,ci95_lo,ci95_hi,B
T1_integration,338,0.7845685351085302,0.7137155005732082,0.8518892383068956,2000
T2_multimodal,338,0.8010053892486755,0.7269499904750757,0.8711509760477857,2000
T3_privacy,338,0.927078021417644,0.8838212910976952,0.9653731098635414,2000
T4_integrity,338,0.820206170439121,0.7570775905920502,0.8796278223057542,2000
T5_disclosure,338,0.9085285703239775,0.8569450957176085,0.9505415914960248,2000
T6_equity,338,0.8271226070436943,0.7244025538122529,0.9077199112191918,2000
T7_vendor_governance,338,0.7407590677420951,0.6527448972530443,0.8159733281198048,2000
T8_pedagogical_redesign,338,0.8099394848176512,0.7249535480967635,0.8830388514133545,2000
