use_case,F,df_between,df_within,p_value
assessment,0.364007768123631,3,60,0.7792115676766875
research,0.23891402733061812,3,60,0.8688711927135899
teaching,0.4719382693727254,3,60,0.7029753856654188
administration,1.9154687830726835,3,60,0.1366961842343565
