theme,n_paired,kappa,p_obs,p_exp
T1_integration,338,0.7845685351085302,0.893491124260355,0.5056020447463324
T2_multimodal,338,0.8010053892486755,0.9230769230769231,0.6134414061132314
T3_privacy,338,0.927078021417644,0.9674556213017751,0.553709604005462
T4_integrity,338,0.820206170439121,0.9142011834319527,0.52279331956164
T5_disclosure,338,0.9085285703239775,0.9585798816568047,0.5471797205980182
T6_equity,338,0.8271226070436943,0.9585798816568047,0.7604075487552957
T7_vendor_governance,338,0.7407590677420951,0.908284023668639,0.6462133678792759
T8_pedagogical_redesign,338,0.8099394848176512,0.9378698224852071,0.6731031826616716
