use_case,H,df,p_value,n_NA,n_EU,n_EA,n_LA
assessment,0.8011299838233912,3,0.8491967370969282,20,18,13,13
research,0.1767684894622179,3,0.9812495443111056,20,18,13,13
teaching,1.375399796395851,3,0.7113111505219434,20,18,13,13
administration,7.763979834319552,3,0.05114987880724374,20,18,13,13
