theme,sigma2_country,icc_logistic
T1_integration,0.0001,3.0395431182381916e-05
T2_multimodal,0.0001,3.0395431182381916e-05
T3_privacy,0.0001,3.0395431182381916e-05
T4_integrity,0.0001,3.0395431182381916e-05
T5_disclosure,0.0001,3.0395431182381916e-05
T6_equity,0.0001,3.0395431182381916e-05
T7_vendor_governance,0.0001,3.0395431182381916e-05
T8_pedagogical_redesign,0.0001,3.0395431182381916e-05
