term,beta,se,z,p
(Intercept),1.9340118101227879,0.7815418825994105,2.4746105783739436,0.013338152310191025
region_EU,-1.6975205761548153,0.894677875283889,-1.8973539226240255,0.05778124264136243
region_EA,-2.459145146446941,0.9572636905714924,-2.56893181123251,0.010201252856162215
region_LA,-2.247244578617199,0.9385392188155212,-2.394406683881919,0.016647278934456902
tier_upper,0.6862937821067172,0.7003870438032361,0.9798778949136612,0.3271463956499354
sigma2_country,0.0001,,,
logL,30.685292166101007,,,
n_obs,64,,,
n_countries,18,,,
